channel,gross_sales_mln,percentage
Direct,406686873.9033,0.15474952
Distributor,297175879.7188,0.11307920
Retailer,1924170397.9096,0.73217128
